{
  "roc_auc": 0.6876386790564268,
  "pr_auc": 0.23497093051714882,
  "brier": 0.20626060664653778,
  "precision": 0.30006609385327165,
  "recall": 0.19991193306913255,
  "f1": 0.23995771670190275,
  "threshold": 0.6412888765335083,
  "confusion": {
    "tn": 17024,
    "fp": 1059,
    "fn": 1817,
    "tp": 454
  },
  "positive_rate": 0.11159915885462728
}